# Wen, C. Y. and Yu, Y. H. (1966) "A generalized method for predicting the
# minimum fluidization velocity", A.I.Ch.E. Journal 12(3) 610-612.
# TABLE 1, journal page 611: "Comparison of Equation (1) and Narsimhan's
# correlations".  Read character by character off a 600 dpi render.
#
# These are the AUTHORS' OWN ARITHMETIC - standard deviations of two
# correlations against 284 (Equation 1) / 267 (Narsimhan) literature points.
# They are not measurements.  The 284 points themselves are printed only as
# scatter in Figure 4 and were NOT digitised.
#
# The "No. of data points" column sums to 267, which is the basis footnote *
# gives for Narsimhan's overall figure.  Footnote + says Equation (1)'s overall
# figure uses all 284 points.  The per-row basis for the Equation (1) column is
# therefore not stated; see the page's Validation section.
#
# n_points is blank on the overall row because the two columns use different
# bases (267 and 284); both are recorded in the separate _overall fields below.
row,particle_characteristics,n_points,std_dev_narsimhan_pct,std_dev_eq1_pct
1,spherical,55,43.4,34.1
2,nonspherical dp < 0.02 in.,203,38.6,37.6
3,nonspherical dp > 0.02 in.,9,135.3,21.3
4,overall,,46,34
