# Table 1 of Heck, Wei & Katzer, AIChE J 22(3) 477-484 (1976), journal page 479.
# "ASYMPTOTIC NUSSELT NUMBERS FROM ANALYTICAL SOLUTIONS* FOR FLOW IN DUCTS"
# (1) Constant wall heat flux.  (2) Constant wall temperature.  * Shah and London, 1971.
# The geometry column is printed as a glyph only; no aspect ratio is given for the
# sinusoidal row, which is why this page cannot reproduce it.
geometry,glyph,Nu_H,Nu_T
circular,O,4.364,3.657
square,square,3.608,2.976
equilateral triangle,triangle,3.111,2.470
sinusoidal,approx-equal,2.617,2.12
