# Table 2 of Krishna, R. and Ellenberger, J., AIChE Journal 42(9) 2627-2634 (1996),
# "Physical Properties of Liquids Used". Read from a 600 dpi render of journal
# page 2629; the text layer of this scan is usable here but was not trusted.
# Surface tensions are estimated, as the table's own column heading states.
# The polyacrylamide (Separan AP-30) rows are non-Newtonian: the table gives
# zero-shear viscosities for four concentrations and no single viscosity, so
# they are recorded with newtonian=no and are excluded from every correlation
# evaluated on this page - Wilkinson eq. 3/4 and Reilly eq. 8 both take a single
# dynamic viscosity.
liquid,density_kg_m3,viscosity_mPa_s,surface_tension_mN_m,newtonian,note
Demineralized water,998,1.0,72,yes,
Tetradecane,763,2.2,27,yes,the liquid of Figures 3-6 and 11
Paraffin oil (A),795,2.3,28,yes,
Paraffin oil (B),790,2.9,28,yes,
Polyacrylamide 50 ppm,998,50,72,no,zero-shear viscosity
Polyacrylamide 250 ppm,998,100,72,no,zero-shear viscosity
Polyacrylamide 500 ppm,998,190,72,no,zero-shear viscosity
Polyacrylamide 1000 ppm,998,350,72,no,zero-shear viscosity
