curve,utilisation,cell_potential_V
charge (I=-10),0.0024,2.807
charge (I=-10),0.0066,2.7613
charge (I=-10),0.0108,2.7416
charge (I=-10),0.015,2.7155
charge (I=-10),0.0192,2.7024
charge (I=-10),0.0234,2.6871
charge (I=-10),0.0276,2.6784
charge (I=-10),0.0319,2.6653
charge (I=-10),0.0361,2.6566
charge (I=-10),0.0403,2.6479
charge (I=-10),0.0445,2.6414
charge (I=-10),0.0487,2.6348
charge (I=-10),0.0529,2.6261
charge (I=-10),0.0571,2.6217
charge (I=-10),0.0613,2.6152
charge (I=-10),0.0655,2.6086
charge (I=-10),0.0697,2.6043
charge (I=-10),0.0739,2.5978
charge (I=-10),0.0781,2.5934
charge (I=-10),0.0823,2.5869
charge (I=-10),0.0865,2.5825
charge (I=-10),0.0907,2.5781
charge (I=-10),0.095,2.5738
charge (I=-10),0.0992,2.5694
charge (I=-10),0.1034,2.565
charge (I=-10),0.1076,2.5607
charge (I=-10),0.1118,2.5585
charge (I=-10),0.116,2.552
charge (I=-10),0.1202,2.552
charge (I=-10),0.1244,2.5476
charge (I=-10),0.1286,2.5432
charge (I=-10),0.1328,2.5389
charge (I=-10),0.137,2.5345
charge (I=-10),0.1412,2.5302
charge (I=-10),0.1454,2.5258
charge (I=-10),0.1496,2.5258
charge (I=-10),0.1538,2.5214
charge (I=-10),0.158,2.5171
charge (I=-10),0.1623,2.5127
charge (I=-10),0.1665,2.5084
charge (I=-10),0.1707,2.5062
charge (I=-10),0.1749,2.504
charge (I=-10),0.1791,2.4996
charge (I=-10),0.1833,2.4953
charge (I=-10),0.1875,2.4931
charge (I=-10),0.1917,2.4909
charge (I=-10),0.1959,2.4866
charge (I=-10),0.2001,2.4822
charge (I=-10),0.2043,2.48
charge (I=-10),0.2085,2.4778
charge (I=-10),0.2127,2.4735
charge (I=-10),0.217,2.4713
charge (I=-10),0.2212,2.4691
charge (I=-10),0.2254,2.4647
charge (I=-10),0.2296,2.4604
charge (I=-10),0.2338,2.4604
charge (I=-10),0.238,2.456
charge (I=-10),0.2422,2.4539
charge (I=-10),0.2464,2.4517
charge (I=-10),0.2506,2.4473
charge (I=-10),0.2548,2.4451
charge (I=-10),0.259,2.4408
charge (I=-10),0.2632,2.4386
charge (I=-10),0.2674,2.4342
charge (I=-10),0.2716,2.432
charge (I=-10),0.2758,2.4299
charge (I=-10),0.2801,2.4255
charge (I=-10),0.2843,2.4255
charge (I=-10),0.2885,2.4211
charge (I=-10),0.2927,2.4168
charge (I=-10),0.2969,2.4146
charge (I=-10),0.3011,2.4124
charge (I=-10),0.3053,2.4081
charge (I=-10),0.3095,2.4059
charge (I=-10),0.3137,2.4037
charge (I=-10),0.3179,2.3994
charge (I=-10),0.3221,2.3994
charge (I=-10),0.3263,2.395
charge (I=-10),0.3305,2.3906
charge (I=-10),0.3347,2.3884
charge (I=-10),0.3389,2.3863
charge (I=-10),0.3432,2.3819
charge (I=-10),0.3474,2.3819
charge (I=-10),0.3516,2.3775
charge (I=-10),0.3558,2.3775
charge (I=-10),0.36,2.3732
charge (I=-10),0.3642,2.3688
charge (I=-10),0.3684,2.3645
charge (I=-10),0.3726,2.3645
charge (I=-10),0.3768,2.3601
charge (I=-10),0.381,2.3601
charge (I=-10),0.3852,2.3557
charge (I=-10),0.3894,2.3557
charge (I=-10),0.3936,2.347
charge (I=-10),0.3978,2.347
charge (I=-10),0.402,2.3427
charge (I=-10),0.4062,2.3427
charge (I=-10),0.4105,2.3383
charge (I=-10),0.4147,2.3361
charge (I=-10),0.4189,2.3339
charge (I=-10),0.4231,2.3296
charge (I=-10),0.4273,2.3252
charge (I=-10),0.4315,2.3252
charge (I=-10),0.4357,2.3209
charge (I=-10),0.4399,2.3209
charge (I=-10),0.4441,2.3165
charge (I=-10),0.4483,2.3165
charge (I=-10),0.4525,2.31
charge (I=-10),0.4567,2.3078
charge (I=-10),0.4609,2.3034
charge (I=-10),0.4651,2.3034
charge (I=-10),0.4693,2.2991
charge (I=-10),0.4736,2.2991
charge (I=-10),0.4778,2.2969
charge (I=-10),0.482,2.2925
charge (I=-10),0.4862,2.2925
charge (I=-10),0.4904,2.2894
charge (I=-10),0.4946,2.286
charge (I=-10),0.4988,2.286
charge (I=-10),0.503,2.2816
charge (I=-10),0.5072,2.2772
charge (I=-10),0.5114,2.2772
charge (I=-10),0.5156,2.2729
charge (I=-10),0.5198,2.2685
charge (I=-10),0.524,2.2685
charge (I=-10),0.5282,2.2642
charge (I=-10),0.5324,2.2642
charge (I=-10),0.5367,2.2598
charge (I=-10),0.5409,2.2555
charge (I=-10),0.5451,2.2555
charge (I=-10),0.5493,2.2511
charge (I=-10),0.5535,2.2489
charge (I=-10),0.5577,2.2467
charge (I=-10),0.5619,2.2424
charge (I=-10),0.5661,2.2402
charge (I=-10),0.5703,2.238
charge (I=-10),0.5745,2.2336
charge (I=-10),0.5787,2.2336
charge (I=-10),0.5829,2.2293
charge (I=-10),0.5871,2.2249
charge (I=-10),0.5914,2.2249
charge (I=-10),0.5956,2.2206
charge (I=-10),0.5998,2.2162
charge (I=-10),0.604,2.2162
charge (I=-10),0.6082,2.2119
charge (I=-10),0.6124,2.2119
charge (I=-10),0.6166,2.2075
charge (I=-10),0.6208,2.2031
charge (I=-10),0.625,2.1988
charge (I=-10),0.6292,2.1988
charge (I=-10),0.6334,2.1944
charge (I=-10),0.6376,2.1922
charge (I=-10),0.6418,2.19
charge (I=-10),0.646,2.1857
charge (I=-10),0.6502,2.1857
charge (I=-10),0.6544,2.1813
charge (I=-10),0.6586,2.1813
charge (I=-10),0.6629,2.177
charge (I=-10),0.6671,2.1726
charge (I=-10),0.6713,2.1682
charge (I=-10),0.6755,2.1682
charge (I=-10),0.6797,2.1639
charge (I=-10),0.6839,2.1639
charge (I=-10),0.6881,2.1595
charge (I=-10),0.6923,2.1552
charge (I=-10),0.6965,2.1552
charge (I=-10),0.7007,2.1508
charge (I=-10),0.7049,2.1464
charge (I=-10),0.7091,2.1464
charge (I=-10),0.7133,2.1421
charge (I=-10),0.7176,2.1377
charge (I=-10),0.7218,2.1334
charge (I=-10),0.726,2.129
charge (I=-10),0.7302,2.129
charge (I=-10),0.7344,2.1246
charge (I=-10),0.7386,2.1203
charge (I=-10),0.7428,2.1203
charge (I=-10),0.747,2.1159
charge (I=-10),0.7512,2.1116
charge (I=-10),0.7554,2.1094
charge (I=-10),0.7596,2.1072
charge (I=-10),0.7638,2.1028
charge (I=-10),0.768,2.0985
charge (I=-10),0.7722,2.0941
charge (I=-10),0.7764,2.0941
charge (I=-10),0.7806,2.0876
charge (I=-10),0.7849,2.0854
charge (I=-10),0.7891,2.081
charge (I=-10),0.7933,2.0767
charge (I=-10),0.7975,2.0723
charge (I=-10),0.8017,2.068
charge (I=-10),0.8059,2.0647
charge (I=-10),0.8101,2.0592
charge (I=-10),0.8143,2.0549
charge (I=-10),0.8185,2.0505
charge (I=-10),0.8227,2.0461
charge (I=-10),0.8269,2.0418
charge (I=-10),0.8311,2.0331
charge (I=-10),0.8353,2.0265
charge (I=-10),0.8395,2.02
charge (I=-10),0.8438,2.0113
charge (I=-10),0.848,2.0036
charge (I=-10),0.8522,1.996
charge (I=-10),0.8564,1.9796
charge (I=-10),0.8606,1.9698
open-circuit (dashed),0.0042,2.5776
open-circuit (dashed),0.0066,2.5694
open-circuit (dashed),0.009,2.5629
open-circuit (dashed),0.0186,2.5386
open-circuit (dashed),0.021,2.5345
open-circuit (dashed),0.0234,2.5302
open-circuit (dashed),0.0258,2.5258
open-circuit (dashed),0.0283,2.5236
open-circuit (dashed),0.0379,2.5081
open-circuit (dashed),0.0403,2.504
open-circuit (dashed),0.0427,2.5018
open-circuit (dashed),0.0451,2.4996
open-circuit (dashed),0.0535,2.4849
open-circuit (dashed),0.0559,2.4844
open-circuit (dashed),0.0583,2.4822
open-circuit (dashed),0.0607,2.4778
open-circuit (dashed),0.0631,2.4778
open-circuit (dashed),0.0727,2.4653
open-circuit (dashed),0.0751,2.4647
open-circuit (dashed),0.0775,2.4647
open-circuit (dashed),0.0799,2.4604
open-circuit (dashed),0.0823,2.4582
open-circuit (dashed),0.092,2.45
open-circuit (dashed),0.0944,2.4473
open-circuit (dashed),0.0968,2.4473
open-circuit (dashed),0.0992,2.443
open-circuit (dashed),0.1016,2.4408
open-circuit (dashed),0.1112,2.434
open-circuit (dashed),0.1136,2.432
open-circuit (dashed),0.116,2.4299
open-circuit (dashed),0.1184,2.4277
open-circuit (dashed),0.1292,2.4184
open-circuit (dashed),0.1316,2.4168
open-circuit (dashed),0.134,2.4146
open-circuit (dashed),0.1364,2.4124
open-circuit (dashed),0.1388,2.4103
open-circuit (dashed),0.1484,2.4021
open-circuit (dashed),0.1508,2.3994
open-circuit (dashed),0.1532,2.3994
open-circuit (dashed),0.1557,2.3994
open-circuit (dashed),0.158,2.3972
open-circuit (dashed),0.1677,2.3872
open-circuit (dashed),0.1701,2.3863
open-circuit (dashed),0.1725,2.3863
open-circuit (dashed),0.1749,2.3841
open-circuit (dashed),0.1845,2.3759
open-circuit (dashed),0.1869,2.3754
open-circuit (dashed),0.1893,2.3732
open-circuit (dashed),0.1917,2.371
open-circuit (dashed),0.1941,2.3688
open-circuit (dashed),0.2037,2.3628
open-circuit (dashed),0.2061,2.3623
open-circuit (dashed),0.2085,2.3601
open-circuit (dashed),0.2109,2.3579
open-circuit (dashed),0.2133,2.3557
open-circuit (dashed),0.2254,2.3489
open-circuit (dashed),0.2278,2.347
open-circuit (dashed),0.2302,2.3448
open-circuit (dashed),0.2326,2.3427
open-circuit (dashed),0.2434,2.3361
open-circuit (dashed),0.2458,2.3339
open-circuit (dashed),0.2482,2.3318
open-circuit (dashed),0.2506,2.3318
open-circuit (dashed),0.2602,2.3268
open-circuit (dashed),0.2626,2.3209
open-circuit (dashed),0.265,2.3209
open-circuit (dashed),0.2674,2.3209
open-circuit (dashed),0.2698,2.3187
open-circuit (dashed),0.2794,2.3121
open-circuit (dashed),0.2818,2.31
open-circuit (dashed),0.2843,2.3078
open-circuit (dashed),0.2867,2.3056
open-circuit (dashed),0.2891,2.3034
open-circuit (dashed),0.2999,2.2969
open-circuit (dashed),0.3023,2.2947
open-circuit (dashed),0.3047,2.2947
open-circuit (dashed),0.3071,2.2947
open-circuit (dashed),0.3179,2.2858
open-circuit (dashed),0.3203,2.2858
open-circuit (dashed),0.3227,2.2816
open-circuit (dashed),0.3251,2.2816
open-circuit (dashed),0.3275,2.2794
open-circuit (dashed),0.3371,2.2729
open-circuit (dashed),0.3395,2.2707
open-circuit (dashed),0.3419,2.2689
open-circuit (dashed),0.3443,2.2689
open-circuit (dashed),0.3552,2.2617
open-circuit (dashed),0.3576,2.2598
open-circuit (dashed),0.36,2.2598
open-circuit (dashed),0.3624,2.2576
open-circuit (dashed),0.3648,2.2563
open-circuit (dashed),0.3744,2.2489
open-circuit (dashed),0.3768,2.2467
open-circuit (dashed),0.3792,2.2467
open-circuit (dashed),0.3816,2.2451
open-circuit (dashed),0.3924,2.2375
open-circuit (dashed),0.3948,2.2358
open-circuit (dashed),0.3972,2.2336
open-circuit (dashed),0.3996,2.2336
open-circuit (dashed),0.402,2.2301
open-circuit (dashed),0.4129,2.2228
open-circuit (dashed),0.4153,2.2206
open-circuit (dashed),0.4177,2.2206
open-circuit (dashed),0.4201,2.2206
open-circuit (dashed),0.4309,2.2116
open-circuit (dashed),0.4333,2.2097
open-circuit (dashed),0.4357,2.2097
open-circuit (dashed),0.4381,2.208
open-circuit (dashed),0.4489,2.1986
open-circuit (dashed),0.4513,2.1986
open-circuit (dashed),0.4537,2.1966
open-circuit (dashed),0.4561,2.1944
open-circuit (dashed),0.4682,2.1855
open-circuit (dashed),0.4706,2.1855
open-circuit (dashed),0.473,2.1843
open-circuit (dashed),0.4754,2.1835
open-circuit (dashed),0.4862,2.1768
open-circuit (dashed),0.4886,2.1768
open-circuit (dashed),0.491,2.1768
open-circuit (dashed),0.4934,2.1726
open-circuit (dashed),0.4958,2.1704
open-circuit (dashed),0.5066,2.1639
open-circuit (dashed),0.509,2.1639
open-circuit (dashed),0.5114,2.1639
open-circuit (dashed),0.5138,2.1617
open-circuit (dashed),0.5246,2.1546
open-circuit (dashed),0.527,2.153
open-circuit (dashed),0.5294,2.1508
open-circuit (dashed),0.5319,2.1508
open-circuit (dashed),0.5427,2.1418
open-circuit (dashed),0.5451,2.1399
open-circuit (dashed),0.5475,2.1377
open-circuit (dashed),0.5499,2.1377
open-circuit (dashed),0.5619,2.1288
open-circuit (dashed),0.5643,2.1288
open-circuit (dashed),0.5667,2.1277
open-circuit (dashed),0.5691,2.1277
open-circuit (dashed),0.5715,2.1271
open-circuit (dashed),0.5799,2.1184
open-circuit (dashed),0.5823,2.1159
open-circuit (dashed),0.5847,2.1137
open-circuit (dashed),0.5871,2.1116
open-circuit (dashed),0.5895,2.1094
open-circuit (dashed),0.6004,2.1034
open-circuit (dashed),0.6028,2.1028
open-circuit (dashed),0.6052,2.1006
open-circuit (dashed),0.6076,2.1006
open-circuit (dashed),0.6184,2.0936
open-circuit (dashed),0.6208,2.0919
open-circuit (dashed),0.6232,2.0897
open-circuit (dashed),0.6256,2.0897
open-circuit (dashed),0.6364,2.0809
open-circuit (dashed),0.6388,2.0809
open-circuit (dashed),0.6412,2.0809
open-circuit (dashed),0.6436,2.0767
open-circuit (dashed),0.646,2.0767
open-circuit (dashed),0.6569,2.0696
open-circuit (dashed),0.6593,2.0658
open-circuit (dashed),0.6617,2.0658
open-circuit (dashed),0.6641,2.0658
open-circuit (dashed),0.6749,2.0587
open-circuit (dashed),0.6773,2.057
open-circuit (dashed),0.6797,2.0549
open-circuit (dashed),0.6821,2.0527
open-circuit (dashed),0.6845,2.0505
open-circuit (dashed),0.6953,2.0437
open-circuit (dashed),0.6977,2.0418
open-circuit (dashed),0.7001,2.0396
open-circuit (dashed),0.7025,2.0374
open-circuit (dashed),0.7133,2.0328
open-circuit (dashed),0.7157,2.0309
open-circuit (dashed),0.7181,2.0287
open-circuit (dashed),0.7206,2.0265
open-circuit (dashed),0.7314,2.0197
open-circuit (dashed),0.7338,2.0178
open-circuit (dashed),0.7362,2.0156
open-circuit (dashed),0.7386,2.0134
open-circuit (dashed),0.741,2.0129
open-circuit (dashed),0.7518,2.0047
open-circuit (dashed),0.7542,2.0025
open-circuit (dashed),0.7566,2.0019
open-circuit (dashed),0.759,2.0019
open-circuit (dashed),0.7686,1.9913
open-circuit (dashed),0.771,1.9913
open-circuit (dashed),0.7734,1.9895
open-circuit (dashed),0.7758,1.9895
open-circuit (dashed),0.7782,1.9895
open-circuit (dashed),0.7891,1.9805
open-circuit (dashed),0.7915,1.9786
open-circuit (dashed),0.7939,1.9764
open-circuit (dashed),0.7963,1.9742
open-circuit (dashed),0.8071,1.9632
open-circuit (dashed),0.8095,1.9632
open-circuit (dashed),0.8119,1.9632
open-circuit (dashed),0.8143,1.9611
open-circuit (dashed),0.8167,1.9598
open-circuit (dashed),0.8263,1.9502
open-circuit (dashed),0.8287,1.9502
open-circuit (dashed),0.8311,1.9469
open-circuit (dashed),0.8335,1.9459
open-circuit (dashed),0.8444,1.9369
open-circuit (dashed),0.8468,1.935
open-circuit (dashed),0.8492,1.9339
open-circuit (dashed),0.8516,1.9328
open-circuit (dashed),0.854,1.9314
open-circuit (dashed),0.8648,1.9216
open-circuit (dashed),0.8672,1.9197
open-circuit (dashed),0.8696,1.9164
open-circuit (dashed),0.872,1.9153
open-circuit (dashed),0.8828,1.9055
open-circuit (dashed),0.8852,1.9033
open-circuit (dashed),0.8876,1.9022
open-circuit (dashed),0.89,1.9001
open-circuit (dashed),0.9008,1.8892
open-circuit (dashed),0.9032,1.8892
open-circuit (dashed),0.9056,1.887
open-circuit (dashed),0.9081,1.8848
open-circuit (dashed),0.9105,1.8837
open-circuit (dashed),0.9201,1.875
open-circuit (dashed),0.9225,1.8717
open-circuit (dashed),0.9249,1.8685
open-circuit (dashed),0.9273,1.8674
open-circuit (dashed),0.9381,1.8543
open-circuit (dashed),0.9405,1.8532
open-circuit (dashed),0.9429,1.8499
open-circuit (dashed),0.9453,1.8467
open-circuit (dashed),0.9477,1.8445
open-circuit (dashed),0.9573,1.8314
open-circuit (dashed),0.9597,1.8292
open-circuit (dashed),0.9621,1.8249
open-circuit (dashed),0.9645,1.8238
open-circuit (dashed),0.9754,1.8041
open-circuit (dashed),0.9778,1.7998
open-circuit (dashed),0.9802,1.7943
open-circuit (dashed),0.9826,1.7911
open-circuit (dashed),0.991,1.7638
open-circuit (dashed),0.9934,1.7496
I=5,0.0102,2.5209
I=5,0.015,2.498
I=5,0.0198,2.4909
I=5,0.0246,2.4822
I=5,0.0295,2.4713
I=5,0.0343,2.4647
I=5,0.0391,2.456
I=5,0.0439,2.4473
I=5,0.0487,2.443
I=5,0.0535,2.4386
I=5,0.0583,2.4299
I=5,0.0631,2.4255
I=5,0.0679,2.4211
I=5,0.0727,2.4168
I=5,0.0775,2.4124
I=5,0.0823,2.4037
I=5,0.0871,2.4037
I=5,0.092,2.395
I=5,0.0968,2.3928
I=5,0.1016,2.3863
I=5,0.1064,2.3841
I=5,0.1112,2.3819
I=5,0.116,2.3732
I=5,0.1208,2.371
I=5,0.1256,2.3688
I=5,0.1304,2.3645
I=5,0.1352,2.3601
I=5,0.14,2.3557
I=5,0.1448,2.3514
I=5,0.1496,2.347
I=5,0.1545,2.3427
I=5,0.1593,2.3383
I=5,0.1641,2.3383
I=5,0.1689,2.3339
I=5,0.1737,2.3296
I=5,0.1785,2.3252
I=5,0.1833,2.3209
I=5,0.1881,2.3209
I=5,0.1929,2.3165
I=5,0.1977,2.3121
I=5,0.2025,2.3078
I=5,0.2073,2.3078
I=5,0.2121,2.3034
I=5,0.217,2.2991
I=5,0.2218,2.2947
I=5,0.2266,2.2925
I=5,0.2314,2.2903
I=5,0.2362,2.286
I=5,0.241,2.2838
I=5,0.2458,2.2816
I=5,0.2506,2.2772
I=5,0.2554,2.2729
I=5,0.2602,2.2685
I=5,0.265,2.2642
I=5,0.2698,2.262
I=5,0.2746,2.2598
I=5,0.2794,2.2576
I=5,0.2843,2.2555
I=5,0.2891,2.2511
I=5,0.2939,2.2467
I=5,0.2987,2.2424
I=5,0.3035,2.2424
I=5,0.3083,2.238
I=5,0.3131,2.2336
I=5,0.3179,2.2293
I=5,0.3227,2.2271
I=5,0.3275,2.2249
I=5,0.3323,2.2206
I=5,0.3371,2.2162
I=5,0.3419,2.2162
I=5,0.3468,2.2119
I=5,0.3516,2.2075
I=5,0.3564,2.2031
I=5,0.3612,2.2031
I=5,0.366,2.1988
I=5,0.3708,2.1944
I=5,0.3756,2.19
I=5,0.3804,2.1857
I=5,0.3852,2.1857
I=5,0.39,2.1813
I=5,0.3948,2.177
I=5,0.3996,2.177
I=5,0.4044,2.1726
I=5,0.4093,2.1682
I=5,0.4141,2.1682
I=5,0.4189,2.1639
I=5,0.4237,2.1595
I=5,0.4285,2.1552
I=5,0.4333,2.1552
I=5,0.4381,2.1508
I=5,0.4429,2.1464
I=5,0.4477,2.1421
I=5,0.4525,2.1421
I=5,0.4573,2.1377
I=5,0.4621,2.1334
I=5,0.4669,2.129
I=5,0.4718,2.129
I=5,0.4766,2.1268
I=5,0.4814,2.1246
I=5,0.4862,2.1203
I=5,0.491,2.1181
I=5,0.4958,2.1159
I=5,0.5006,2.1116
I=5,0.5054,2.1116
I=5,0.5102,2.1072
I=5,0.515,2.1028
I=5,0.5198,2.1028
I=5,0.5246,2.0985
I=5,0.5294,2.0941
I=5,0.5343,2.0897
I=5,0.5391,2.0897
I=5,0.5439,2.0854
I=5,0.5487,2.081
I=5,0.5535,2.081
I=5,0.5583,2.0767
I=5,0.5631,2.0723
I=5,0.5679,2.0723
I=5,0.5727,2.068
I=5,0.5775,2.0636
I=5,0.5823,2.0592
I=5,0.5871,2.0592
I=5,0.5919,2.0549
I=5,0.5968,2.0505
I=5,0.6016,2.0461
I=5,0.6064,2.0461
I=5,0.6112,2.0418
I=5,0.616,2.0418
I=5,0.6208,2.0374
I=5,0.6256,2.0331
I=5,0.6304,2.0287
I=5,0.6352,2.0271
I=5,0.64,2.0244
I=5,0.6448,2.02
I=5,0.6496,2.0156
I=5,0.6544,2.0113
I=5,0.6593,2.0113
I=5,0.6641,2.0069
I=5,0.6689,2.0025
I=5,0.6737,2.0025
I=5,0.6785,1.9982
I=5,0.6833,1.9938
I=5,0.6881,1.9916
I=5,0.6929,1.9895
I=5,0.6977,1.9851
I=5,0.7025,1.9807
I=5,0.7073,1.9764
I=5,0.7121,1.9742
I=5,0.7169,1.972
I=5,0.7218,1.9677
I=5,0.7266,1.9655
I=5,0.7314,1.9633
I=5,0.7362,1.9589
I=5,0.741,1.9546
I=5,0.7458,1.9502
I=5,0.7506,1.9459
I=5,0.7554,1.9437
I=5,0.7602,1.9415
I=5,0.765,1.9371
I=5,0.7698,1.935
I=5,0.7746,1.9328
I=5,0.7794,1.9284
I=5,0.7843,1.9241
I=5,0.7891,1.9197
I=5,0.7939,1.9153
I=5,0.7987,1.9131
I=5,0.8035,1.911
I=5,0.8083,1.9066
I=5,0.8131,1.9022
I=5,0.8179,1.8979
I=5,0.8227,1.8957
I=5,0.8275,1.8935
I=5,0.8323,1.8892
I=5,0.8371,1.8848
I=5,0.8419,1.8804
I=5,0.8468,1.8761
I=5,0.8516,1.8728
I=5,0.8564,1.8717
I=5,0.8612,1.8652
I=5,0.866,1.8597
I=5,0.8708,1.8565
I=5,0.8756,1.8543
I=5,0.8804,1.8499
I=5,0.8852,1.8445
I=5,0.89,1.8412
I=5,0.8948,1.8369
I=5,0.8996,1.8325
I=5,0.9044,1.8281
I=5,0.9093,1.8238
I=5,0.9141,1.8183
I=5,0.9189,1.8139
I=5,0.9237,1.8085
I=5,0.9285,1.802
I=5,0.9333,1.7987
I=5,0.9381,1.7932
I=5,0.9429,1.7867
I=5,0.9477,1.7802
I=5,0.9525,1.7736
I=5,0.9573,1.7671
I=5,0.9621,1.7584
I=5,0.9669,1.7507
I=5,0.9718,1.7398
I=5,0.9766,1.7311
I=5,0.9814,1.7191
I=5,0.9862,1.7039
I=5,0.991,1.6821
I=5,0.9958,1.6406
I=10,0.0024,2.4949
I=10,0.006,2.4949
I=10,0.0096,2.4931
I=10,0.0132,2.4844
I=10,0.0168,2.4667
I=10,0.0204,2.4647
I=10,0.024,2.4517
I=10,0.0276,2.443
I=10,0.0312,2.4342
I=10,0.0349,2.4255
I=10,0.0385,2.4211
I=10,0.0421,2.4124
I=10,0.0457,2.4081
I=10,0.0493,2.3994
I=10,0.0529,2.3928
I=10,0.0565,2.3906
I=10,0.0601,2.3841
I=10,0.0637,2.3775
I=10,0.0673,2.3732
I=10,0.0709,2.3688
I=10,0.0745,2.3645
I=10,0.0781,2.3601
I=10,0.0817,2.3557
I=10,0.0853,2.3514
I=10,0.0889,2.347
I=10,0.0925,2.3427
I=10,0.0961,2.3383
I=10,0.0998,2.3339
I=10,0.1034,2.3296
I=10,0.107,2.3252
I=10,0.1106,2.323
I=10,0.1142,2.3209
I=10,0.1178,2.3165
I=10,0.1214,2.3121
I=10,0.125,2.3078
I=10,0.1286,2.3034
I=10,0.1322,2.3012
I=10,0.1358,2.2991
I=10,0.1394,2.2947
I=10,0.143,2.2903
I=10,0.1466,2.286
I=10,0.1502,2.286
I=10,0.1538,2.2816
I=10,0.1575,2.2772
I=10,0.1611,2.2772
I=10,0.1647,2.2707
I=10,0.1683,2.2685
I=10,0.1719,2.2642
I=10,0.1755,2.262
I=10,0.1791,2.2598
I=10,0.1827,2.2555
I=10,0.1863,2.2511
I=10,0.1899,2.2511
I=10,0.1935,2.2467
I=10,0.1971,2.2467
I=10,0.2007,2.2424
I=10,0.2043,2.238
I=10,0.2079,2.2336
I=10,0.2115,2.2293
I=10,0.2151,2.2293
I=10,0.2188,2.2249
I=10,0.2224,2.2206
I=10,0.226,2.2206
I=10,0.2296,2.2162
I=10,0.2332,2.214
I=10,0.2368,2.2075
I=10,0.2404,2.2075
I=10,0.244,2.2031
I=10,0.2476,2.2031
I=10,0.2512,2.1988
I=10,0.2548,2.1944
I=10,0.2584,2.19
I=10,0.262,2.19
I=10,0.2656,2.1857
I=10,0.2692,2.1813
I=10,0.2728,2.1813
I=10,0.2764,2.177
I=10,0.2801,2.177
I=10,0.2837,2.1726
I=10,0.2873,2.1682
I=10,0.2909,2.1682
I=10,0.2945,2.1639
I=10,0.2981,2.1595
I=10,0.3017,2.1595
I=10,0.3053,2.1552
I=10,0.3089,2.1552
I=10,0.3125,2.1508
I=10,0.3161,2.1464
I=10,0.3197,2.1464
I=10,0.3233,2.1421
I=10,0.3269,2.1377
I=10,0.3305,2.1377
I=10,0.3341,2.1334
I=10,0.3377,2.129
I=10,0.3413,2.129
I=10,0.3449,2.1246
I=10,0.3486,2.1225
I=10,0.3522,2.1203
I=10,0.3558,2.1159
I=10,0.3594,2.1159
I=10,0.363,2.1116
I=10,0.3666,2.1072
I=10,0.3702,2.1072
I=10,0.3738,2.1028
I=10,0.3774,2.0985
I=10,0.381,2.0985
I=10,0.3846,2.0941
I=10,0.3882,2.0941
I=10,0.3918,2.0897
I=10,0.3954,2.0854
I=10,0.399,2.0854
I=10,0.4026,2.081
I=10,0.4062,2.081
I=10,0.4099,2.0767
I=10,0.4135,2.0745
I=10,0.4171,2.0723
I=10,0.4207,2.068
I=10,0.4243,2.068
I=10,0.4279,2.0636
I=10,0.4315,2.0592
I=10,0.4351,2.0592
I=10,0.4387,2.0549
I=10,0.4423,2.0549
I=10,0.4459,2.0505
I=10,0.4495,2.0483
I=10,0.4531,2.0461
I=10,0.4567,2.0418
I=10,0.4603,2.0418
I=10,0.4639,2.0374
I=10,0.4676,2.0331
I=10,0.4712,2.0331
I=10,0.4748,2.03
I=10,0.4784,2.0265
I=10,0.482,2.0244
I=10,0.4856,2.0222
I=10,0.4892,2.02
I=10,0.4928,2.0178
I=10,0.4964,2.0156
I=10,0.5,2.0113
I=10,0.5036,2.0113
I=10,0.5072,2.0069
I=10,0.5108,2.0069
I=10,0.5144,2.0025
I=10,0.518,2.0025
I=10,0.5216,1.9982
I=10,0.5252,1.996
I=10,0.5289,1.9895
I=10,0.5324,1.9895
I=10,0.5361,1.9851
I=10,0.5397,1.9851
I=10,0.5433,1.9807
I=10,0.5469,1.9786
I=10,0.5505,1.9764
I=10,0.5541,1.972
I=10,0.5577,1.972
I=10,0.5613,1.9677
I=10,0.5649,1.9633
I=10,0.5685,1.9611
I=10,0.5721,1.9589
I=10,0.5757,1.9546
I=10,0.5793,1.9546
I=10,0.5829,1.9502
I=10,0.5865,1.9459
I=10,0.5901,1.9459
I=10,0.5938,1.9415
I=10,0.5974,1.9415
I=10,0.601,1.9371
I=10,0.6046,1.9328
I=10,0.6082,1.9328
I=10,0.6118,1.9284
I=10,0.6154,1.9241
I=10,0.619,1.9241
I=10,0.6226,1.9197
I=10,0.6262,1.9175
I=10,0.6298,1.9153
I=10,0.6334,1.911
I=10,0.637,1.9066
I=10,0.6406,1.9066
I=10,0.6442,1.9022
I=10,0.6478,1.9001
I=10,0.6514,1.8979
I=10,0.6551,1.8935
I=10,0.6586,1.8892
I=10,0.6623,1.8892
I=10,0.6659,1.8848
I=10,0.6695,1.8804
I=10,0.6731,1.8804
I=10,0.6767,1.8761
I=10,0.6803,1.8717
I=10,0.6839,1.8696
I=10,0.6875,1.8674
I=10,0.6911,1.863
I=10,0.6947,1.8586
I=10,0.6983,1.8586
I=10,0.7019,1.8543
I=10,0.7055,1.8499
I=10,0.7091,1.8478
I=10,0.7127,1.8434
I=10,0.7164,1.8412
I=10,0.7199,1.8369
I=10,0.7236,1.8325
I=10,0.7272,1.8325
I=10,0.7308,1.8281
I=10,0.7344,1.8238
I=10,0.738,1.8194
I=10,0.7416,1.815
I=10,0.7452,1.815
I=10,0.7488,1.8107
I=10,0.7524,1.8063
I=10,0.756,1.802
I=10,0.7596,1.7976
I=10,0.7632,1.7932
I=10,0.7668,1.7889
I=10,0.7704,1.7845
I=10,0.774,1.7802
I=10,0.7776,1.7758
I=10,0.7812,1.7714
I=10,0.7849,1.7671
I=10,0.7885,1.7627
I=10,0.7921,1.7562
I=10,0.7957,1.7496
I=10,0.7993,1.7453
I=10,0.8029,1.7387
I=10,0.8065,1.7322
I=10,0.8101,1.7256
I=10,0.8137,1.7191
I=10,0.8173,1.7104
I=10,0.8209,1.7017
I=10,0.8245,1.6908
I=10,0.8281,1.6777
I=10,0.8317,1.6603
I=10,0.8353,1.6363
I=10,0.8389,1.6057
I=13,0.0174,2.4539
I=13,0.0204,2.4451
I=13,0.0234,2.4342
I=13,0.0264,2.4255
I=13,0.0295,2.4168
I=13,0.0324,2.4103
I=13,0.0355,2.4037
I=13,0.0385,2.3994
I=13,0.0415,2.3906
I=13,0.0445,2.3863
I=13,0.0475,2.3797
I=13,0.0505,2.3754
I=13,0.0535,2.3688
I=13,0.0565,2.3645
I=13,0.0595,2.3601
I=13,0.0625,2.3557
I=13,0.0655,2.347
I=13,0.0685,2.3427
I=13,0.0715,2.3383
I=13,0.0745,2.3339
I=13,0.0775,2.3296
I=13,0.0805,2.3252
I=13,0.0835,2.3209
I=13,0.0865,2.3209
I=13,0.0895,2.3143
I=13,0.0925,2.3121
I=13,0.0955,2.3056
I=13,0.0986,2.3034
I=13,0.1016,2.2991
I=13,0.1046,2.2947
I=13,0.1076,2.2903
I=13,0.1106,2.286
I=13,0.1136,2.286
I=13,0.1166,2.2794
I=13,0.1196,2.2751
I=13,0.1226,2.2729
I=13,0.1256,2.2685
I=13,0.1286,2.2642
I=13,0.1316,2.2598
I=13,0.1346,2.2598
I=13,0.1376,2.2555
I=13,0.1406,2.2511
I=13,0.1436,2.2489
I=13,0.1466,2.2467
I=13,0.1496,2.2424
I=13,0.1526,2.238
I=13,0.1557,2.238
I=13,0.1587,2.2336
I=13,0.1617,2.2293
I=13,0.1647,2.2249
I=13,0.1677,2.2249
I=13,0.1707,2.2206
I=13,0.1737,2.2162
I=13,0.1767,2.2162
I=13,0.1797,2.2119
I=13,0.1827,2.2075
I=13,0.1857,2.2009
I=13,0.1887,2.1988
I=13,0.1917,2.1944
I=13,0.1947,2.1944
I=13,0.1977,2.19
I=13,0.2007,2.1857
I=13,0.2037,2.1813
I=13,0.2067,2.1813
I=13,0.2097,2.177
I=13,0.2127,2.1726
I=13,0.2157,2.1726
I=13,0.2188,2.1682
I=13,0.2218,2.1639
I=13,0.2248,2.1639
I=13,0.2278,2.1595
I=13,0.2308,2.1552
I=13,0.2338,2.153
I=13,0.2368,2.1508
I=13,0.2398,2.1464
I=13,0.2428,2.1464
I=13,0.2458,2.1421
I=13,0.2488,2.1377
I=13,0.2518,2.1334
I=13,0.2548,2.1334
I=13,0.2578,2.129
I=13,0.2608,2.1246
I=13,0.2638,2.1203
I=13,0.2668,2.1203
I=13,0.2698,2.1159
I=13,0.2728,2.1116
I=13,0.2758,2.1094
I=13,0.2788,2.1072
I=13,0.2818,2.1028
I=13,0.2849,2.1028
I=13,0.2879,2.0985
I=13,0.2909,2.0963
I=13,0.2939,2.0941
I=13,0.2969,2.0897
I=13,0.2999,2.0854
I=13,0.3029,2.0854
I=13,0.3059,2.081
I=13,0.3089,2.0767
I=13,0.3119,2.0767
I=13,0.3149,2.0723
I=13,0.3179,2.0723
I=13,0.3209,2.068
I=13,0.3239,2.0636
I=13,0.3269,2.0636
I=13,0.3299,2.0592
I=13,0.3329,2.0549
I=13,0.3359,2.0505
I=13,0.3389,2.0505
I=13,0.3419,2.0461
I=13,0.3449,2.0418
I=13,0.348,2.0374
I=13,0.351,2.0374
I=13,0.354,2.0331
I=13,0.357,2.0331
I=13,0.36,2.0287
I=13,0.363,2.0244
I=13,0.366,2.02
I=13,0.369,2.02
I=13,0.372,2.0156
I=13,0.375,2.0113
I=13,0.378,2.0113
I=13,0.381,2.0069
I=13,0.384,2.0025
I=13,0.387,2.0025
I=13,0.39,1.9982
I=13,0.393,1.9982
I=13,0.396,1.9938
I=13,0.399,1.9895
I=13,0.402,1.9851
I=13,0.4051,1.9851
I=13,0.4081,1.9807
I=13,0.4111,1.9764
I=13,0.4141,1.972
I=13,0.4171,1.972
I=13,0.4201,1.9677
I=13,0.4231,1.9633
I=13,0.4261,1.9589
I=13,0.4291,1.9589
I=13,0.4321,1.9546
I=13,0.4351,1.9524
I=13,0.4381,1.9502
I=13,0.4411,1.9459
I=13,0.4441,1.9415
I=13,0.4471,1.9415
I=13,0.4501,1.9371
I=13,0.4531,1.9328
I=13,0.4561,1.9284
I=13,0.4591,1.9284
I=13,0.4621,1.9241
I=13,0.4651,1.9219
I=13,0.4682,1.9175
I=13,0.4712,1.9153
I=13,0.4742,1.9129
I=13,0.4772,1.9088
I=13,0.4802,1.9066
I=13,0.4832,1.9044
I=13,0.4862,1.9001
I=13,0.4892,1.8979
I=13,0.4922,1.8957
I=13,0.4952,1.8935
I=13,0.4982,1.8892
I=13,0.5012,1.8848
I=13,0.5042,1.8804
I=13,0.5072,1.8804
I=13,0.5102,1.8761
I=13,0.5132,1.8717
I=13,0.5162,1.8674
I=13,0.5192,1.863
I=13,0.5222,1.8608
I=13,0.5252,1.8586
I=13,0.5282,1.8543
I=13,0.5312,1.8499
I=13,0.5343,1.8456
I=13,0.5373,1.8434
I=13,0.5403,1.839
I=13,0.5433,1.8369
I=13,0.5463,1.8325
I=13,0.5493,1.8281
I=13,0.5523,1.8238
I=13,0.5553,1.8238
I=13,0.5583,1.8194
I=13,0.5613,1.815
I=13,0.5643,1.8107
I=13,0.5673,1.8063
I=13,0.5703,1.802
I=13,0.5733,1.7998
I=13,0.5763,1.7932
I=13,0.5793,1.7889
I=13,0.5823,1.7845
I=13,0.5853,1.7802
I=13,0.5883,1.7736
I=13,0.5914,1.7714
I=13,0.5944,1.7627
I=13,0.5974,1.7584
I=13,0.6004,1.754
I=13,0.6034,1.7496
I=13,0.6064,1.7409
I=13,0.6094,1.7366
I=13,0.6124,1.7256
I=13,0.6154,1.7191
I=13,0.6184,1.7082
I=13,0.6214,1.7017
I=13,0.6244,1.6864
I=13,0.6274,1.6777
I=13,0.6304,1.6537
I=13,0.6334,1.6319
I=13,0.6364,1.5818
I=20,0.0078,2.462
I=20,0.009,2.462
I=20,0.0102,2.456
I=20,0.0114,2.4451
I=20,0.0126,2.4408
I=20,0.0138,2.4342
I=20,0.015,2.4277
I=20,0.0162,2.4233
I=20,0.0174,2.419
I=20,0.0186,2.4124
I=20,0.0198,2.4103
I=20,0.021,2.4059
I=20,0.0222,2.3994
I=20,0.0234,2.3972
I=20,0.0246,2.3928
I=20,0.0258,2.3884
I=20,0.027,2.3863
I=20,0.0283,2.3819
I=20,0.0295,2.3775
I=20,0.0307,2.3754
I=20,0.0319,2.371
I=20,0.0331,2.3666
I=20,0.0343,2.3645
I=20,0.0355,2.3601
I=20,0.0367,2.3579
I=20,0.0379,2.3536
I=20,0.0391,2.3492
I=20,0.0403,2.347
I=20,0.0415,2.3448
I=20,0.0427,2.3405
I=20,0.0439,2.3383
I=20,0.0451,2.3339
I=20,0.0463,2.3318
I=20,0.0475,2.3274
I=20,0.0487,2.3252
I=20,0.0499,2.323
I=20,0.0511,2.3187
I=20,0.0523,2.3165
I=20,0.0535,2.3143
I=20,0.0547,2.3121
I=20,0.0559,2.31
I=20,0.0571,2.3056
I=20,0.0583,2.3034
I=20,0.0595,2.2991
I=20,0.0607,2.2991
I=20,0.0619,2.2947
I=20,0.0631,2.2947
I=20,0.0643,2.2903
I=20,0.0655,2.2881
I=20,0.0667,2.2838
I=20,0.0679,2.2816
I=20,0.0691,2.2794
I=20,0.0703,2.2772
I=20,0.0715,2.2729
I=20,0.0727,2.2729
I=20,0.0739,2.2685
I=20,0.0751,2.2664
I=20,0.0763,2.2642
I=20,0.0775,2.262
I=20,0.0787,2.2598
I=20,0.0799,2.2576
I=20,0.0811,2.2555
I=20,0.0823,2.2511
I=20,0.0835,2.2511
I=20,0.0847,2.2467
I=20,0.0859,2.2467
I=20,0.0871,2.2424
I=20,0.0883,2.2402
I=20,0.0895,2.238
I=20,0.0907,2.2336
I=20,0.092,2.2336
I=20,0.0931,2.2293
I=20,0.0944,2.2271
I=20,0.0955,2.2249
I=20,0.0968,2.2228
I=20,0.098,2.2206
I=20,0.0992,2.2184
I=20,0.1004,2.2162
I=20,0.1016,2.2119
I=20,0.1028,2.2119
I=20,0.104,2.2075
I=20,0.1052,2.2075
I=20,0.1064,2.2031
I=20,0.1076,2.2031
I=20,0.1088,2.1988
I=20,0.11,2.1988
I=20,0.1112,2.1944
I=20,0.1124,2.1922
I=20,0.1136,2.19
I=20,0.1148,2.1879
I=20,0.116,2.1857
I=20,0.1172,2.1857
I=20,0.1184,2.1813
I=20,0.1196,2.177
I=20,0.1208,2.177
I=20,0.122,2.177
I=20,0.1232,2.1748
I=20,0.1244,2.1726
I=20,0.1256,2.1726
I=20,0.1268,2.1682
I=20,0.128,2.1661
I=20,0.1292,2.1639
I=20,0.1304,2.1617
I=20,0.1316,2.1595
I=20,0.1328,2.1595
I=20,0.134,2.1552
I=20,0.1352,2.1552
I=20,0.1364,2.1508
I=20,0.1376,2.1486
I=20,0.1388,2.1464
I=20,0.14,2.1464
I=20,0.1412,2.1421
I=20,0.1424,2.1421
I=20,0.1436,2.1399
I=20,0.1448,2.1355
I=20,0.146,2.1334
I=20,0.1472,2.1312
I=20,0.1484,2.129
I=20,0.1496,2.1268
I=20,0.1508,2.1246
I=20,0.152,2.1246
I=20,0.1532,2.1203
I=20,0.1545,2.1181
I=20,0.1557,2.1159
I=20,0.1568,2.1159
I=20,0.158,2.1116
I=20,0.1593,2.1116
I=20,0.1605,2.1072
I=20,0.1617,2.1072
I=20,0.1629,2.1028
I=20,0.1641,2.1006
I=20,0.1653,2.0985
I=20,0.1665,2.0985
I=20,0.1677,2.0963
I=20,0.1689,2.0941
I=20,0.1701,2.0897
I=20,0.1713,2.0897
I=20,0.1725,2.0876
I=20,0.1737,2.0854
I=20,0.1749,2.0832
I=20,0.1761,2.081
I=20,0.1773,2.0789
I=20,0.1785,2.0767
I=20,0.1797,2.0767
I=20,0.1809,2.0723
I=20,0.1821,2.0723
I=20,0.1833,2.0701
I=20,0.1845,2.068
I=20,0.1857,2.0636
I=20,0.1869,2.0636
I=20,0.1881,2.0592
I=20,0.1893,2.0592
I=20,0.1905,2.057
I=20,0.1917,2.0549
I=20,0.1929,2.0505
I=20,0.1941,2.0505
I=20,0.1953,2.0505
I=20,0.1965,2.0461
I=20,0.1977,2.044
I=20,0.1989,2.0418
I=20,0.2001,2.0396
I=20,0.2013,2.0374
I=20,0.2025,2.0374
I=20,0.2037,2.0331
I=20,0.2049,2.0309
I=20,0.2061,2.0287
I=20,0.2073,2.0265
I=20,0.2085,2.0244
I=20,0.2097,2.0244
I=20,0.2109,2.02
I=20,0.2121,2.02
I=20,0.2133,2.0156
I=20,0.2145,2.0156
I=20,0.2157,2.0113
I=20,0.217,2.0113
I=20,0.2182,2.0069
I=20,0.2193,2.0069
I=20,0.2205,2.0025
I=20,0.2218,2.0025
I=20,0.223,2.0025
I=20,0.2242,1.9982
I=20,0.2254,1.996
I=20,0.2266,1.9938
I=20,0.2278,1.9916
I=20,0.229,1.9895
I=20,0.2302,1.9895
I=20,0.2314,1.9851
I=20,0.2326,1.9829
I=20,0.2338,1.9807
I=20,0.235,1.9786
I=20,0.2362,1.9764
I=20,0.2374,1.9764
I=20,0.2386,1.972
I=20,0.2398,1.9698
I=20,0.241,1.9677
I=20,0.2422,1.9677
I=20,0.2434,1.9633
I=20,0.2446,1.9633
I=20,0.2458,1.9589
I=20,0.247,1.9568
I=20,0.2482,1.9546
I=20,0.2494,1.9524
I=20,0.2506,1.9502
I=20,0.2518,1.9502
I=20,0.253,1.9459
I=20,0.2542,1.9459
I=20,0.2554,1.9415
I=20,0.2566,1.9393
I=20,0.2578,1.9371
I=20,0.259,1.9371
I=20,0.2602,1.9328
I=20,0.2614,1.9328
I=20,0.2626,1.9284
I=20,0.2638,1.9284
I=20,0.265,1.9241
I=20,0.2662,1.9219
I=20,0.2674,1.9197
I=20,0.2686,1.9175
I=20,0.2698,1.9153
I=20,0.271,1.9153
I=20,0.2722,1.911
I=20,0.2734,1.911
I=20,0.2746,1.9066
I=20,0.2758,1.9044
I=20,0.277,1.9022
I=20,0.2782,1.9001
I=20,0.2794,1.8979
I=20,0.2807,1.8979
I=20,0.2818,1.8935
I=20,0.2831,1.8914
I=20,0.2843,1.8892
I=20,0.2855,1.887
I=20,0.2867,1.8848
I=20,0.2879,1.8826
I=20,0.2891,1.8804
I=20,0.2903,1.8761
I=20,0.2915,1.8761
I=20,0.2927,1.8717
I=20,0.2939,1.8717
I=20,0.2951,1.8696
I=20,0.2963,1.8674
I=20,0.2975,1.863
I=20,0.2987,1.863
